Comida,Fuente,Ingredientes,Ocasión,Link,Receta,Nivel Nutricional,Tiempo,Dificultad
Egg Pad Thai,Tailandia,Fideos de Arroz,Comida,https://youtu.be/F86GfZIph8o?list=PLhkJgNs5nXRfpb8RgatJv-05AnZqW0cyt,,,,
Asado,Argentina,Carne,Comida,,,,,
Fideos de Arroz,Tailandia,Fidos de Arroz,Comida,,,,,
Tarta de Atún,Argentina,Atún,Comida,,,,,
Empanadas ,Argentina,Varios,Comida,,,,,
Ramen,Japan ,Fideos Ramen,Comida,,,,,
Burrito,You Suck At Cooking,Taco,Comida,,,,,
Quesadillas,You Suck At Cooking,Tortillas,Comida,,,,,
Empanadas Tucumanas,Familia Juárez,Grasa,Comida,,,,,
Meshe,Naum,Hojas de Parra,Entrada,,,,,
Nachos Machos,You Suck At Cooking,Nachos,Entrada,,,,,
Nachos con Hummus,Jurek ,Nachos,Entrada,,,,,
Nachos con Palta,Pato,Nachos,Entrada,,,,,
Nagiris,Japan/Jurek,Arroz,Entrada,,,,,
Chili,You Suck At Cooking,Feijao,Acompañamiento,,,,,
Feijao,Brasil/Tere,Feijao,Acompañamiento,,,,,
Arroz,Brasil/Portugal-Tomas,Arroz,Acompañamiento,,,,,
Licuado,Jurek,Frutas y Verduras,Merienda,,,,,
Pudding de Chia,Jurek/McDougall,Chia,Postre,,,,,
Bolo de Cenoura,Brasil ,Zanahoria,Postre,,,,,
Cinnamon Rolls,USA,Canela,Postre,,,,,
Gingerbread Cookies,You Suck At Cooking,Jengibre,Postre,,,,,
Comida,Fuente,Ingredientes,,,,,,
XX,XX,XX,,,,,,
